{
	"format_version": "1.8.0",
	"animations": {
		"idle": {
			"loop": true,
			"animation_length": 5.2917,
			"bones": {
				"book": {
					"rotation": {
						"0.0": {
							"vector": [0, 0, 0]
						},
						"0.3333": {
							"vector": [0, 22.5, 0]
						},
						"0.6667": {
							"vector": [0, 45, 0]
						},
						"1.0": {
							"vector": [0, 67.5, 0]
						},
						"1.3333": {
							"vector": [0, 90, 0]
						},
						"1.6667": {
							"vector": [0, 112.5, 0]
						},
						"2.0": {
							"vector": [0, 135, 0]
						},
						"2.3333": {
							"vector": [0, 157.5, 0]
						},
						"2.6667": {
							"vector": [0, 180, 0]
						},
						"3.0": {
							"vector": [0, 202.5, 0]
						},
						"3.3333": {
							"vector": [0, 225, 0]
						},
						"3.6667": {
							"vector": [0, 247.5, 0]
						},
						"4.0": {
							"vector": [0, 270, 0]
						},
						"4.3333": {
							"vector": [0, 292.5, 0]
						},
						"4.6667": {
							"vector": [0, 315, 0]
						},
						"5.0": {
							"vector": [0, 337.5, 0]
						},
						"5.2917": {
							"vector": [0, 360, 0]
						}
					},
					"position": {
						"0.0": {
							"vector": [0, 0.21875, 0]
						},
						"0.3333": {
							"vector": [0, 0.4375, 0]
						},
						"0.6667": {
							"vector": [-0.1875, 0, 0.125]
						},
						"1.0": {
							"vector": [-0.25, -0.4375, 0.25]
						},
						"1.3333": {
							"vector": [0, 0, 0.5]
						},
						"1.6667": {
							"vector": [0, 0.4375, 0.5625]
						},
						"2.0": {
							"vector": [0, 0, 0.75]
						},
						"2.3333": {
							"vector": [0, -0.4375, 0.875]
						},
						"2.6667": {
							"vector": [0.3125, 0, 0.6875]
						},
						"3.0": {
							"vector": [0.375, 0.4375, 0.5625]
						},
						"3.3333": {
							"vector": [0.5, 0, 0.5]
						},
						"3.6667": {
							"vector": [0.6875, -0.4375, 0.25]
						},
						"4.0": {
							"vector": [0.5, 0, 0.3125]
						},
						"4.3333": {
							"vector": [0.5, 0.4375, 0.1875]
						},
						"4.6667": {
							"vector": [0.3125, 0, 0.0625]
						},
						"5.0": {
							"vector": [0, -0.21875, 0.0625]
						},
						"5.2917": {
							"vector": [0, 0.21875, 0]
						}
					}
				}
			}
		}
	},
	"geckolib_format_version": 2
}